{"cameraMode":{"drawMode":0,"name":"Shaded","section":"Shading Mode"},"sceneLighting":true,"audioPlay":false,"sceneViewState":{"showFog":true,"showMaterialUpdate":true,"showSkybox":true,"showFlares":true,"showImageEffects":true,"showParticleSystems":true},"in2DMode":false,"pivot":{"x":-2.772465229034424,"y":-14.932812690734864,"z":-40.99625015258789},"rotation":{"x":0.03855342045426369,"y":-0.9612333178520203,"z":0.2028796374797821,"w":0.18271306157112122},"size":56.68684005737305,"orthographic":false}