{"cameraMode":{"drawMode":0,"name":"Shaded","section":"Shading Mode"},"sceneLighting":true,"audioPlay":false,"sceneViewState":{"showFog":true,"showMaterialUpdate":true,"showSkybox":true,"showFlares":true,"showImageEffects":true,"showParticleSystems":true},"in2DMode":false,"pivot":{"x":-136.59054565429688,"y":-93.59490966796875,"z":-25.39847183227539},"rotation":{"x":0.15586447715759278,"y":-0.7775956988334656,"z":0.21229584515094758,"w":0.5709481835365295},"size":248.08712768554688,"orthographic":false}