{"cameraMode":{"drawMode":0,"name":"Shaded","section":"Shading Mode"},"sceneLighting":true,"audioPlay":false,"sceneViewState":{"showFog":true,"showMaterialUpdate":true,"showSkybox":true,"showFlares":true,"showImageEffects":true,"showParticleSystems":true},"in2DMode":false,"pivot":{"x":36.167236328125,"y":-13.8866548538208,"z":-40.290592193603519},"rotation":{"x":-0.01147246640175581,"y":0.9823532700538635,"z":-0.17523258924484254,"w":-0.06437405943870545},"size":87.9063720703125,"orthographic":false}