{"cameraMode":{"drawMode":0,"name":"Shaded","section":"Shading Mode"},"sceneLighting":true,"audioPlay":false,"sceneViewState":{"showFog":true,"showMaterialUpdate":true,"showSkybox":true,"showFlares":true,"showImageEffects":true,"showParticleSystems":true},"in2DMode":false,"pivot":{"x":-58.46790313720703,"y":-93.46614837646485,"z":-234.552734375},"rotation":{"x":0.023547502234578134,"y":-0.9734658598899841,"z":0.19481328129768372,"w":0.11771763116121292},"size":267.72662353515627,"orthographic":false}