{"cameraMode":{"drawMode":0,"name":"Shaded","section":"Shading Mode"},"sceneLighting":true,"audioPlay":false,"sceneViewState":{"showFog":true,"showMaterialUpdate":true,"showSkybox":true,"showFlares":true,"showImageEffects":true,"showParticleSystems":true},"in2DMode":false,"pivot":{"x":2.279892921447754,"y":-22.300350189208986,"z":-49.33449935913086},"rotation":{"x":-0.013894358649849892,"y":0.9659457802772522,"z":-0.25285160541534426,"w":-0.053120482712984088},"size":59.99790573120117,"orthographic":false}